{"cameraMode":{"drawMode":0,"name":"Shaded","section":"Shading Mode"},"sceneLighting":true,"audioPlay":false,"sceneViewState":{"showFog":false,"showMaterialUpdate":false,"showSkybox":false,"showFlares":false,"showImageEffects":false,"showParticleSystems":false},"in2DMode":false,"pivot":{"x":-53.75799560546875,"y":-2511.701171875,"z":1242.228271484375},"rotation":{"x":-0.5060172080993652,"y":-0.04973623529076576,"z":0.028922924771904947,"w":-0.8610197305679321},"size":4724.513671875,"orthographic":false}