{"cameraMode":{"drawMode":0,"name":"Shaded","section":"Shading Mode"},"sceneLighting":true,"audioPlay":false,"sceneViewState":{"showFog":false,"showMaterialUpdate":false,"showSkybox":false,"showFlares":false,"showImageEffects":false,"showParticleSystems":false},"in2DMode":false,"pivot":{"x":56.4962158203125,"y":-12579.46484375,"z":2307.496337890625},"rotation":{"x":-0.639238715171814,"y":-0.013125094585120678,"z":0.010969046503305436,"w":-0.769324004650116},"size":14923.7431640625,"orthographic":false}