{"cameraMode":{"drawMode":0,"name":"Shaded","section":"Shading Mode"},"sceneLighting":true,"audioPlay":false,"sceneViewState":{"showFog":false,"showMaterialUpdate":false,"showSkybox":false,"showFlares":false,"showImageEffects":false,"showParticleSystems":false},"in2DMode":false,"pivot":{"x":-347.84515380859377,"y":-4103.080078125,"z":1717.14013671875},"rotation":{"x":-0.5182929039001465,"y":0.019923705607652665,"z":-0.012378080748021603,"w":-0.8553043603897095},"size":5975.6298828125,"orthographic":false}