{"cameraMode":{"drawMode":0,"name":"Shaded","section":"Shading Mode"},"sceneLighting":true,"audioPlay":false,"sceneViewState":{"showFog":false,"showMaterialUpdate":false,"showSkybox":false,"showFlares":false,"showImageEffects":false,"showParticleSystems":false},"in2DMode":false,"pivot":{"x":418.80242919921877,"y":-3429.83251953125,"z":2132.84765625},"rotation":{"x":0.46471109986305239,"y":0.02108934335410595,"z":-0.010537303052842617,"w":0.8854392170906067},"size":5384.57421875,"orthographic":false}