{"cameraMode":{"drawMode":0,"name":"Shaded","section":"Shading Mode"},"sceneLighting":true,"audioPlay":false,"sceneViewState":{"showFog":false,"showMaterialUpdate":false,"showSkybox":false,"showFlares":false,"showImageEffects":false,"showParticleSystems":false},"in2DMode":false,"pivot":{"x":-854.4769897460938,"y":-474.6209716796875,"z":1233.647705078125},"rotation":{"x":-0.468488484621048,"y":-0.029503170400857927,"z":0.015694424510002137,"w":-0.8829800486564636},"size":1442.5,"orthographic":false}