{"cameraMode":{"drawMode":0,"name":"Shaded","section":"Shading Mode"},"sceneLighting":true,"audioPlay":false,"sceneViewState":{"showFog":false,"showMaterialUpdate":false,"showSkybox":false,"showFlares":false,"showImageEffects":false,"showParticleSystems":false},"in2DMode":false,"pivot":{"x":403.8798828125,"y":-2395.2763671875,"z":3036.72705078125},"rotation":{"x":-0.2837267518043518,"y":-0.0681290328502655,"z":0.02000306360423565,"w":-0.9566425085067749},"size":5264.3447265625,"orthographic":false}