{"cameraMode":{"drawMode":0,"name":"Shaded","section":"Shading Mode"},"sceneLighting":true,"audioPlay":false,"sceneViewState":{"showFog":false,"showMaterialUpdate":false,"showSkybox":false,"showFlares":false,"showImageEffects":false,"showParticleSystems":false},"in2DMode":false,"pivot":{"x":806.2521362304688,"y":-1861.005126953125,"z":1192.700439453125},"rotation":{"x":0.653938353061676,"y":-0.012716148048639298,"z":0.010859576985239983,"w":0.756495475769043},"size":3925.8857421875,"orthographic":false}