{"cameraMode":{"drawMode":0,"name":"Shaded","section":"Shading Mode"},"sceneLighting":true,"audioPlay":false,"sceneViewState":{"showFog":false,"showMaterialUpdate":false,"showSkybox":false,"showFlares":false,"showImageEffects":false,"showParticleSystems":false},"in2DMode":false,"pivot":{"x":499.2254943847656,"y":-367.84100341796877,"z":429.25982666015627},"rotation":{"x":0.5588983297348023,"y":0.007777963764965534,"z":-0.0046537802554667,"w":0.8296721577644348},"size":465.1491394042969,"orthographic":false}