{"cameraMode":{"drawMode":0,"name":"Shaded","section":"Shading Mode"},"sceneLighting":true,"audioPlay":false,"sceneViewState":{"showFog":false,"showMaterialUpdate":false,"showSkybox":false,"showFlares":false,"showImageEffects":false,"showParticleSystems":false},"in2DMode":false,"pivot":{"x":833.795654296875,"y":-8.101555824279786,"z":994.6436157226563},"rotation":{"x":-0.055253736674785617,"y":-0.8740872740745544,"z":0.10153768211603165,"w":-0.4726931154727936},"size":166.1342010498047,"orthographic":false}