{"cameraMode":{"drawMode":0,"name":"Shaded","section":"Shading Mode"},"sceneLighting":true,"audioPlay":false,"sceneViewState":{"showFog":false,"showMaterialUpdate":false,"showSkybox":false,"showFlares":false,"showImageEffects":false,"showParticleSystems":false},"in2DMode":false,"pivot":{"x":594.6837768554688,"y":-13047.830078125,"z":6296.3779296875},"rotation":{"x":-0.5420630574226379,"y":-0.0383513942360878,"z":0.024684611707925798,"w":-0.8395642042160034},"size":15583.9072265625,"orthographic":false}