{"cameraMode":{"drawMode":0,"name":"Shaded","section":"Shading Mode"},"sceneLighting":false,"audioPlay":false,"sceneViewState":{"showFog":false,"showMaterialUpdate":false,"showSkybox":false,"showFlares":false,"showImageEffects":false,"showParticleSystems":false},"in2DMode":false,"pivot":{"x":174.8438720703125,"y":-18.77263641357422,"z":-207.02850341796876},"rotation":{"x":0.04695302993059158,"y":0.9316748380661011,"z":-0.12808167934417725,"w":0.3374265134334564},"size":417.62347412109377,"orthographic":false}