{"cameraMode":{"drawMode":0,"name":"Shaded","section":"Shading Mode"},"sceneLighting":true,"audioPlay":false,"sceneViewState":{"showFog":false,"showMaterialUpdate":false,"showSkybox":false,"showFlares":false,"showImageEffects":false,"showParticleSystems":false},"in2DMode":false,"pivot":{"x":-1776.0118408203125,"y":-1569.1873779296875,"z":-58.9302978515625},"rotation":{"x":0.18692053854465486,"y":-0.7867047190666199,"z":0.2857387661933899,"w":0.5150941610336304},"size":3935.846435546875,"orthographic":false}