{"cameraMode":{"drawMode":0,"name":"Shaded","section":"Shading Mode"},"sceneLighting":true,"audioPlay":false,"sceneViewState":{"showFog":false,"showMaterialUpdate":false,"showSkybox":false,"showFlares":false,"showImageEffects":false,"showParticleSystems":false},"in2DMode":false,"pivot":{"x":-380.4456787109375,"y":-34.9278564453125,"z":33.73291015625},"rotation":{"x":0.10198324918746948,"y":0.8757128715515137,"z":-0.21184442937374116,"w":0.42197537422180178},"size":2423.015380859375,"orthographic":false}