{"cameraMode":{"drawMode":0,"name":"Shaded","section":"Shading Mode"},"sceneLighting":true,"audioPlay":false,"sceneViewState":{"showFog":false,"showMaterialUpdate":false,"showSkybox":false,"showFlares":false,"showImageEffects":false,"showParticleSystems":false},"in2DMode":false,"pivot":{"x":-770.8947143554688,"y":-3091.502685546875,"z":-1572.9981689453125},"rotation":{"x":0.04031969606876373,"y":-0.8357202410697937,"z":0.544924795627594,"w":0.061878569424152377},"size":4376.44580078125,"orthographic":false}