{"cameraMode":{"drawMode":0,"name":"Shaded","section":"Shading Mode"},"sceneLighting":true,"audioPlay":false,"sceneViewState":{"showFog":false,"showMaterialUpdate":false,"showSkybox":false,"showFlares":false,"showImageEffects":false,"showParticleSystems":false},"in2DMode":false,"pivot":{"x":203.90553283691407,"y":-1224.39111328125,"z":1421.396728515625},"rotation":{"x":0.38478603959083559,"y":0.00015791872283443809,"z":0.0002822693786583841,"w":0.9234407544136047},"size":5666.0390625,"orthographic":false}