{"cameraMode":{"drawMode":0,"name":"Shaded","section":"Shading Mode"},"sceneLighting":false,"audioPlay":false,"sceneViewState":{"showFog":false,"showMaterialUpdate":false,"showSkybox":false,"showFlares":false,"showImageEffects":false,"showParticleSystems":false},"in2DMode":false,"pivot":{"x":31.041244506835939,"y":72.55573272705078,"z":-49.083553314208987},"rotation":{"x":0.08923293650150299,"y":0.8487370610237122,"z":-0.1504797488451004,"w":0.4995186924934387},"size":179.2358856201172,"orthographic":false}