{"cameraMode":{"drawMode":0,"name":"Shaded","section":"Shading Mode"},"sceneLighting":true,"audioPlay":false,"sceneViewState":{"showFog":false,"showMaterialUpdate":false,"showSkybox":false,"showFlares":false,"showImageEffects":false,"showParticleSystems":false},"in2DMode":false,"pivot":{"x":588.3002319335938,"y":-77.45572662353516,"z":-123.74752044677735},"rotation":{"x":-0.14434513449668885,"y":-0.7102498412132263,"z":0.15287898480892182,"w":-0.6720008850097656},"size":184.18896484375,"orthographic":false}