{"cameraMode":{"drawMode":0,"name":"Shaded","section":"Shading Mode"},"sceneLighting":true,"audioPlay":false,"sceneViewState":{"showFog":false,"showMaterialUpdate":false,"showSkybox":false,"showFlares":false,"showImageEffects":false,"showParticleSystems":false},"in2DMode":false,"pivot":{"x":440.6534423828125,"y":-4569.18115234375,"z":3297.2275390625},"rotation":{"x":0.42746955156326296,"y":0.06769005954265595,"z":-0.03128454461693764,"w":0.9012961387634277},"size":7663.66015625,"orthographic":false}