{"cameraMode":{"drawMode":0,"name":"Shaded","section":"Shading Mode"},"sceneLighting":true,"audioPlay":false,"sceneViewState":{"showFog":false,"showMaterialUpdate":false,"showSkybox":false,"showFlares":false,"showImageEffects":false,"showParticleSystems":false},"in2DMode":false,"pivot":{"x":-148.61300659179688,"y":-857.06640625,"z":359.8768310546875},"rotation":{"x":-0.5562971234321594,"y":-0.006891557946801186,"z":0.004003590904176235,"w":-0.8311783075332642},"size":3715.67236328125,"orthographic":false}