{"cameraMode":{"drawMode":0,"name":"Shaded","section":"Shading Mode"},"sceneLighting":true,"audioPlay":false,"sceneViewState":{"showFog":false,"showMaterialUpdate":false,"showSkybox":false,"showFlares":false,"showImageEffects":false,"showParticleSystems":false},"in2DMode":false,"pivot":{"x":113.1131591796875,"y":-4043.09130859375,"z":2421.48193359375},"rotation":{"x":-0.5342890620231628,"y":-0.07134091109037399,"z":0.04498501494526863,"w":-0.8412600755691528},"size":8196.2509765625,"orthographic":false}